{"stats":{"minecraft:picked_up":{"minecraft:repeater":8,"minecraft:oak_sign":2,"minecraft:redstone_torch":57,"minecraft:redstone":137},"minecraft:custom":{"minecraft:time_since_rest":467775,"minecraft:deaths":1,"minecraft:crouch_one_cm":21101,"minecraft:sprint_one_cm":136559,"minecraft:play_time":1095008,"minecraft:damage_taken":370,"minecraft:walk_one_cm":120848,"minecraft:sneak_time":26373,"minecraft:interact_with_lectern":1,"minecraft:jump":1378,"minecraft:leave_game":12,"minecraft:time_since_death":467748,"minecraft:total_world_time":1099739,"minecraft:fall_one_cm":3983,"minecraft:fly_one_cm":6569962},"minecraft:used":{"minecraft:redstone_torch":445,"minecraft:yellow_wool":32,"minecraft:redstone_lamp":84,"minecraft:glass":30,"minecraft:white_wool":3,"minecraft:light_gray_wool":68,"minecraft:lever":70,"minecraft:black_wool":4,"minecraft:repeater":240,"minecraft:orange_concrete":750,"minecraft:redstone":1921,"minecraft:pink_stained_glass":86,"minecraft:white_concrete":2,"minecraft:mangrove_sign":18,"minecraft:spruce_sign":4,"minecraft:white_dye":3,"minecraft:warped_sign":4,"minecraft:pink_wool":1747,"minecraft:glow_ink_sac":21}},"DataVersion":3700}