{"stats":{"minecraft:picked_up":{"minecraft:repeater":8,"minecraft:oak_sign":2,"minecraft:redstone_torch":57,"minecraft:redstone":137},"minecraft:used":{"minecraft:redstone_torch":455,"minecraft:yellow_wool":32,"minecraft:redstone_lamp":84,"minecraft:glass":36,"minecraft:white_wool":3,"minecraft:light_gray_wool":68,"minecraft:lever":70,"minecraft:black_wool":4,"minecraft:repeater":252,"minecraft:orange_concrete":750,"minecraft:redstone":1921,"minecraft:pink_stained_glass":86,"minecraft:cherry_sign":1,"minecraft:white_concrete":2,"minecraft:redstone_block":38,"minecraft:mangrove_sign":18,"minecraft:spruce_sign":4,"minecraft:white_dye":3,"minecraft:warped_sign":4,"minecraft:pink_wool":1747,"minecraft:glow_ink_sac":21},"minecraft:custom":{"minecraft:time_since_rest":1107346,"minecraft:deaths":1,"minecraft:crouch_one_cm":24084,"minecraft:sprint_one_cm":147828,"minecraft:play_time":1734579,"minecraft:damage_taken":370,"minecraft:walk_one_cm":144626,"minecraft:sneak_time":52710,"minecraft:interact_with_lectern":1,"minecraft:jump":1532,"minecraft:leave_game":13,"minecraft:time_since_death":1107319,"minecraft:total_world_time":1739310,"minecraft:fall_one_cm":3983,"minecraft:fly_one_cm":7705866}},"DataVersion":3700}