{"stats":{"minecraft:picked_up":{"minecraft:repeater":6,"minecraft:redstone_torch":26,"minecraft:redstone":92,"minecraft:black_wool":1},"minecraft:custom":{"minecraft:time_since_rest":638895,"minecraft:open_chest":1,"minecraft:crouch_one_cm":140,"minecraft:sprint_one_cm":5640,"minecraft:play_time":638895,"minecraft:walk_one_cm":75857,"minecraft:sneak_time":75,"minecraft:drop":1,"minecraft:jump":376,"minecraft:leave_game":7,"minecraft:time_since_death":638895,"minecraft:total_world_time":638895,"minecraft:fly_one_cm":1598235},"minecraft:dropped":{"minecraft:black_wool":1},"minecraft:used":{"minecraft:redstone_torch":304,"minecraft:glass":14,"minecraft:white_wool":2,"minecraft:repeater":42,"minecraft:comparator":4,"minecraft:orange_concrete":130,"minecraft:redstone":463,"minecraft:spruce_planks":1,"minecraft:cherry_sign":10,"minecraft:pink_wool":1022}},"DataVersion":3700}