{"stats":{"minecraft:dropped":{"minecraft:black_wool":1},"minecraft:picked_up":{"minecraft:repeater":6,"minecraft:redstone_torch":26,"minecraft:redstone":92,"minecraft:black_wool":1},"minecraft:used":{"minecraft:redstone_torch":304,"minecraft:glass":14,"minecraft:white_wool":2,"minecraft:pink_candle":8,"minecraft:repeater":42,"minecraft:comparator":4,"minecraft:orange_concrete":130,"minecraft:flint_and_steel":2,"minecraft:loom":1,"minecraft:redstone":463,"minecraft:pink_banner":5,"minecraft:skeleton_skull":6,"minecraft:spruce_planks":1,"minecraft:cherry_sign":12,"minecraft:cake":3,"minecraft:pink_wool":1025},"minecraft:custom":{"minecraft:time_since_rest":1271231,"minecraft:open_chest":1,"minecraft:interact_with_loom":5,"minecraft:crouch_one_cm":140,"minecraft:sprint_one_cm":5640,"minecraft:play_time":1271231,"minecraft:walk_one_cm":93949,"minecraft:sneak_time":460,"minecraft:drop":1,"minecraft:interact_with_lectern":1,"minecraft:jump":425,"minecraft:leave_game":8,"minecraft:time_since_death":1271231,"minecraft:total_world_time":1271231,"minecraft:fly_one_cm":1840042}},"DataVersion":3700}