{"stats":{"minecraft:dropped":{"minecraft:redstone_torch":1,"minecraft:elytra":1},"minecraft:picked_up":{"minecraft:orange_concrete":1,"minecraft:repeater":4,"minecraft:redstone_torch":16,"minecraft:white_concrete":1,"minecraft:redstone":142},"minecraft:used":{"minecraft:redstone_torch":267,"minecraft:glass":42,"minecraft:light_gray_wool":68,"minecraft:lever":46,"minecraft:black_wool":1,"minecraft:repeater":92,"minecraft:redstone_lamp":4,"minecraft:firework_rocket":2733,"minecraft:magenta_wool":1,"minecraft:polished_andesite":1,"minecraft:light_blue_wool":2,"minecraft:redstone":937,"minecraft:elytra":2,"minecraft:orange_wool":2,"minecraft:oak_sign":49,"minecraft:cherry_sign":58,"minecraft:redstone_block":106,"minecraft:spruce_sign":2,"minecraft:purple_wool":8,"minecraft:pink_wool":1196,"minecraft:yellow_wool":42},"minecraft:custom":{"minecraft:time_since_rest":2384585,"minecraft:crouch_one_cm":13469,"minecraft:sprint_one_cm":33260,"minecraft:play_time":2384585,"minecraft:walk_one_cm":118788,"minecraft:sneak_time":94281,"minecraft:drop":2,"minecraft:aviate_one_cm":8781659,"minecraft:jump":635,"minecraft:leave_game":20,"minecraft:time_since_death":2384585,"minecraft:total_world_time":2389311,"minecraft:fly_one_cm":6282634}},"DataVersion":3700}