{"stats":{"minecraft:picked_up":{"minecraft:orange_concrete":1,"minecraft:repeater":4,"minecraft:redstone_torch":16,"minecraft:white_concrete":1,"minecraft:redstone":140},"minecraft:custom":{"minecraft:time_since_rest":723904,"minecraft:crouch_one_cm":9889,"minecraft:sprint_one_cm":29752,"minecraft:play_time":723904,"minecraft:walk_one_cm":104043,"minecraft:sneak_time":30875,"minecraft:drop":2,"minecraft:aviate_one_cm":2612851,"minecraft:jump":466,"minecraft:leave_game":17,"minecraft:time_since_death":723904,"minecraft:total_world_time":723904,"minecraft:fly_one_cm":3764520},"minecraft:dropped":{"minecraft:redstone_torch":1,"minecraft:elytra":1},"minecraft:used":{"minecraft:redstone_torch":217,"minecraft:glass":6,"minecraft:light_gray_wool":68,"minecraft:lever":46,"minecraft:black_wool":1,"minecraft:repeater":92,"minecraft:redstone_lamp":4,"minecraft:firework_rocket":1568,"minecraft:magenta_wool":1,"minecraft:light_blue_wool":1,"minecraft:redstone":934,"minecraft:elytra":1,"minecraft:oak_sign":49,"minecraft:cherry_sign":58,"minecraft:spruce_sign":2,"minecraft:purple_wool":8,"minecraft:pink_wool":1196,"minecraft:yellow_wool":42}},"DataVersion":3700}