{"stats":{"minecraft:used":{"minecraft:redstone_torch":187,"minecraft:white_wool":14,"minecraft:pink_concrete":23,"minecraft:light_gray_wool":4,"minecraft:lever":53,"minecraft:black_wool":2,"minecraft:repeater":138,"minecraft:redstone_lamp":7,"minecraft:firework_rocket":36,"minecraft:comparator":38,"minecraft:orange_concrete":1245,"minecraft:red_wool":1,"minecraft:light_blue_wool":47,"minecraft:redstone":1296,"minecraft:elytra":1,"minecraft:oak_sign":22,"minecraft:pink_wool":693},"minecraft:picked_up":{"minecraft:repeater":2,"minecraft:lever":3,"minecraft:redstone_torch":33,"minecraft:redstone":60},"minecraft:custom":{"minecraft:time_since_rest":246178,"minecraft:crouch_one_cm":1230,"minecraft:sprint_one_cm":1849,"minecraft:play_time":246178,"minecraft:walk_one_cm":80654,"minecraft:sneak_time":5777,"minecraft:aviate_one_cm":533580,"minecraft:jump":242,"minecraft:leave_game":6,"minecraft:time_since_death":246178,"minecraft:total_world_time":246178,"minecraft:fly_one_cm":1445076}},"DataVersion":3700}