{"stats":{"minecraft:custom":{"minecraft:time_since_rest":301995,"minecraft:crouch_one_cm":15192,"minecraft:deaths":1,"minecraft:sprint_one_cm":103466,"minecraft:play_time":929228,"minecraft:damage_taken":370,"minecraft:walk_one_cm":89889,"minecraft:sneak_time":18559,"minecraft:interact_with_lectern":1,"minecraft:jump":1077,"minecraft:leave_game":8,"minecraft:time_since_death":301968,"minecraft:total_world_time":932909,"minecraft:fall_one_cm":3983,"minecraft:fly_one_cm":5802948},"minecraft:picked_up":{"minecraft:repeater":8,"minecraft:oak_sign":2,"minecraft:redstone_torch":56,"minecraft:redstone":137},"minecraft:used":{"minecraft:redstone_torch":419,"minecraft:yellow_wool":32,"minecraft:redstone_lamp":84,"minecraft:glass":17,"minecraft:white_wool":1,"minecraft:lever":70,"minecraft:black_wool":4,"minecraft:repeater":240,"minecraft:orange_concrete":745,"minecraft:redstone":1917,"minecraft:pink_stained_glass":86,"minecraft:white_concrete":2,"minecraft:mangrove_sign":18,"minecraft:spruce_sign":4,"minecraft:white_dye":3,"minecraft:warped_sign":4,"minecraft:pink_wool":1747,"minecraft:glow_ink_sac":21}},"DataVersion":3700}