{"stats":{"minecraft:dropped":{"minecraft:black_wool":1},"minecraft:custom":{"minecraft:time_since_rest":479351,"minecraft:open_chest":1,"minecraft:crouch_one_cm":140,"minecraft:sprint_one_cm":5455,"minecraft:play_time":479351,"minecraft:walk_one_cm":52715,"minecraft:sneak_time":75,"minecraft:drop":1,"minecraft:jump":267,"minecraft:leave_game":4,"minecraft:time_since_death":479351,"minecraft:total_world_time":479351,"minecraft:fly_one_cm":1268086},"minecraft:picked_up":{"minecraft:repeater":6,"minecraft:redstone_torch":23,"minecraft:redstone":91,"minecraft:black_wool":1},"minecraft:used":{"minecraft:redstone_torch":203,"minecraft:glass":12,"minecraft:white_wool":2,"minecraft:repeater":42,"minecraft:comparator":4,"minecraft:redstone":428,"minecraft:spruce_planks":1,"minecraft:cherry_sign":10,"minecraft:pink_wool":1022}},"DataVersion":3700}