{"stats":{"minecraft:dropped":{"minecraft:redstone_torch":1,"minecraft:elytra":1},"minecraft:custom":{"minecraft:time_since_rest":560301,"minecraft:crouch_one_cm":9548,"minecraft:sprint_one_cm":26236,"minecraft:play_time":560301,"minecraft:walk_one_cm":85483,"minecraft:sneak_time":26334,"minecraft:drop":2,"minecraft:aviate_one_cm":1645804,"minecraft:jump":314,"minecraft:leave_game":14,"minecraft:time_since_death":560301,"minecraft:total_world_time":560301,"minecraft:fly_one_cm":3158498},"minecraft:picked_up":{"minecraft:orange_concrete":1,"minecraft:repeater":4,"minecraft:redstone_torch":16,"minecraft:white_concrete":1,"minecraft:redstone":139},"minecraft:used":{"minecraft:redstone_torch":214,"minecraft:glass":2,"minecraft:lever":46,"minecraft:black_wool":1,"minecraft:repeater":92,"minecraft:redstone_lamp":4,"minecraft:firework_rocket":997,"minecraft:magenta_wool":1,"minecraft:redstone":934,"minecraft:elytra":1,"minecraft:oak_sign":9,"minecraft:cherry_sign":58,"minecraft:spruce_sign":2,"minecraft:purple_wool":8,"minecraft:pink_wool":1196,"minecraft:yellow_wool":42}},"DataVersion":3700}